index,name,overall_rating,cuisine,rate_for_two,city,review,cleaned_review
0,Brew Roasters,4.1,"Cafe, Coffee, Beverages",900,bangalore,"Great espresso and quiet place to work, will visit again","great espresso and quiet place to work, will visit again"
1,Brew Roasters,4.1,"Cafe, Coffee, Beverages",900,bangalore,"Amazing cold brew and fast wifi, will visit again","amazing cold brew and fast wifi, will visit again"
2,Brew Roasters,4.1,"Cafe, Coffee, Beverages",900,bangalore,"Average quiet place to work and espresso, will visit again","average quiet place to work and espresso, will visit again"
3,Brew Roasters,4.1,"Cafe, Coffee, Beverages",900,bangalore,"Really good quiet place to work and espresso, a bit pricey","really good quiet place to work and espresso, a bit pricey"
4,Brew Roasters,4.1,"Cafe, Coffee, Beverages",900,bangalore,"Really good latte art and cold brew, staff were friendly","really good latte art and cold brew, staff were friendly"
5,Ember Roasters,4.0,"Cafe, Coffee, Beverages",700,bangalore,"Average quiet place to work and fast wifi, service was slow","average quiet place to work and fast wifi, service was slow"
6,Ember Roasters,4.0,"Cafe, Coffee, Beverages",700,bangalore,"Great fast wifi and cold brew, worth it","great fast wifi and cold brew, worth it"
7,Ember Roasters,4.0,"Cafe, Coffee, Beverages",700,bangalore,"Loved the strong filter coffee and fast wifi, will visit again","loved the strong filter coffee and fast wifi, will visit again"
8,Ember Roasters,4.0,"Cafe, Coffee, Beverages",700,bangalore,"Decent strong filter coffee and espresso, worth it","decent strong filter coffee and espresso, worth it"
9,Bean Bakehouse,4.7,"Cafe, Bakery, Desserts",500,bangalore,"Great warm bread and cheesecake, staff were friendly","great warm bread and cheesecake, staff were friendly"
10,Bean Bakehouse,4.7,"Cafe, Bakery, Desserts",500,bangalore,"Loved the chocolate cake and brownies, will visit again","loved the chocolate cake and brownies, will visit again"
11,Bean Bakehouse,4.7,"Cafe, Bakery, Desserts",500,bangalore,"Amazing fresh croissants and brownies, a bit pricey","amazing fresh croissants and brownies, a bit pricey"
12,Bean Bakehouse,4.7,"Cafe, Bakery, Desserts",500,bangalore,"Loved the cheesecake and warm bread, service was slow","loved the cheesecake and warm bread, service was slow"
13,Bean Bakehouse,4.7,"Cafe, Bakery, Desserts",500,bangalore,"Decent warm bread and sweet tooth heaven, a bit pricey","decent warm bread and sweet tooth heaven, a bit pricey"
14,Maple Bakehouse,4.6,"Cafe, Bakery, Desserts",400,bangalore,"Decent sweet tooth heaven and brownies, will visit again","decent sweet tooth heaven and brownies, will visit again"
15,Maple Bakehouse,4.6,"Cafe, Bakery, Desserts",400,bangalore,"Great cheesecake and warm bread, staff were friendly","great cheesecake and warm bread, staff were friendly"
16,Maple Bakehouse,4.6,"Cafe, Bakery, Desserts",400,bangalore,"Amazing warm bread and brownies, service was slow","amazing warm bread and brownies, service was slow"
17,Maple Bakehouse,4.6,"Cafe, Bakery, Desserts",400,bangalore,"Loved the chocolate cake and warm bread, will visit again","loved the chocolate cake and warm bread, will visit again"
18,Crumb Grill,3.7,"Cafe, Fast Food, Burger, Sandwich",700,bangalore,"Average juicy burger and loaded fries, staff were friendly","average juicy burger and loaded fries, staff were friendly"
19,Crumb Grill,3.7,"Cafe, Fast Food, Burger, Sandwich",700,bangalore,"Really good loaded fries and quick service, staff were friendly","really good loaded fries and quick service, staff were friendly"
20,Crumb Grill,3.7,"Cafe, Fast Food, Burger, Sandwich",700,bangalore,"Decent quick service and club sandwich, staff were friendly","decent quick service and club sandwich, staff were friendly"
21,Juniper Grill,3.3,"Cafe, Fast Food, Burger, Sandwich",900,bangalore,"Loved the shakes and club sandwich, staff were friendly","loved the shakes and club sandwich, staff were friendly"
22,Juniper Grill,3.3,"Cafe, Fast Food, Burger, Sandwich",900,bangalore,"Amazing juicy burger and good for groups, worth it","amazing juicy burger and good for groups, worth it"
23,Juniper Grill,3.3,"Cafe, Fast Food, Burger, Sandwich",900,bangalore,"Loved the loaded fries and juicy burger, a bit pricey","loved the loaded fries and juicy burger, a bit pricey"
24,Juniper Grill,3.3,"Cafe, Fast Food, Burger, Sandwich",900,bangalore,"Decent shakes and club sandwich, staff were friendly","decent shakes and club sandwich, staff were friendly"
25,Ember Trattoria,4.5,"Cafe, Italian, Pizza, Pasta",300,bangalore,"Amazing cozy lighting and date night, staff were friendly","amazing cozy lighting and date night, staff were friendly"
26,Ember Trattoria,4.5,"Cafe, Italian, Pizza, Pasta",300,bangalore,"Great creamy pasta and wood fired pizza, service was slow","great creamy pasta and wood fired pizza, service was slow"
27,Ember Trattoria,4.5,"Cafe, Italian, Pizza, Pasta",300,bangalore,"Loved the cozy lighting and creamy pasta, will visit again","loved the cozy lighting and creamy pasta, will visit again"
28,Cobalt Trattoria,4.6,"Cafe, Italian, Pizza, Pasta",1200,bangalore,"Really good date night and garlic bread, worth it","really good date night and garlic bread, worth it"
29,Cobalt Trattoria,4.6,"Cafe, Italian, Pizza, Pasta",1200,bangalore,"Average creamy pasta and garlic bread, will visit again","average creamy pasta and garlic bread, will visit again"
30,Cobalt Trattoria,4.6,"Cafe, Italian, Pizza, Pasta",1200,bangalore,"Really good cozy lighting and tiramisu, service was slow","really good cozy lighting and tiramisu, service was slow"
31,Cobalt Trattoria,4.6,"Cafe, Italian, Pizza, Pasta",1200,bangalore,"Really good tiramisu and garlic bread, service was slow","really good tiramisu and garlic bread, service was slow"
32,Maple Greens,3.0,"Cafe, Healthy Food, Salad",900,bangalore,"Loved the protein bowls and fresh salads, staff were friendly","loved the protein bowls and fresh salads, staff were friendly"
33,Maple Greens,3.0,"Cafe, Healthy Food, Salad",900,bangalore,"Average protein bowls and fresh salads, staff were friendly","average protein bowls and fresh salads, staff were friendly"
34,Maple Greens,3.0,"Cafe, Healthy Food, Salad",900,bangalore,"Amazing low oil food and fresh salads, service was slow","amazing low oil food and fresh salads, service was slow"
35,Saffron Greens,4.1,"Cafe, Healthy Food, Salad",500,bangalore,"Amazing green juice and low oil food, staff were friendly","amazing green juice and low oil food, staff were friendly"
36,Saffron Greens,4.1,"Cafe, Healthy Food, Salad",500,bangalore,"Amazing vegan options and protein bowls, worth it","amazing vegan options and protein bowls, worth it"
37,Saffron Greens,4.1,"Cafe, Healthy Food, Salad",500,bangalore,"Great fresh salads and vegan options, will visit again","great fresh salads and vegan options, will visit again"
38,Juniper Roasters,4.4,"Cafe, Coffee, Beverages",900,mysore,"Really good latte art and strong filter coffee, worth it","really good latte art and strong filter coffee, worth it"
39,Juniper Roasters,4.4,"Cafe, Coffee, Beverages",900,mysore,"Amazing fast wifi and quiet place to work, service was slow","amazing fast wifi and quiet place to work, service was slow"
40,Juniper Roasters,4.4,"Cafe, Coffee, Beverages",900,mysore,"Decent espresso and quiet place to work, will visit again","decent espresso and quiet place to work, will visit again"
41,Juniper Roasters,4.4,"Cafe, Coffee, Beverages",900,mysore,"Great cold brew and latte art, will visit again","great cold brew and latte art, will visit again"
42,Juniper Roasters,4.4,"Cafe, Coffee, Beverages",900,mysore,"Great espresso and quiet place to work, a bit pricey","great espresso and quiet place to work, a bit pricey"
43,Willow Roasters,4.7,"Cafe, Coffee, Beverages",500,mysore,"Loved the fast wifi and espresso, a bit pricey","loved the fast wifi and espresso, a bit pricey"
44,Willow Roasters,4.7,"Cafe, Coffee, Beverages",500,mysore,"Really good fast wifi and strong filter coffee, a bit pricey","really good fast wifi and strong filter coffee, a bit pricey"
45,Willow Roasters,4.7,"Cafe, Coffee, Beverages",500,mysore,"Amazing quiet place to work and strong filter coffee, staff were friendly","amazing quiet place to work and strong filter coffee, staff were friendly"
46,Willow Roasters,4.7,"Cafe, Coffee, Beverages",500,mysore,"Average quiet place to work and fast wifi, staff were friendly","average quiet place to work and fast wifi, staff were friendly"
47,Willow Roasters,4.7,"Cafe, Coffee, Beverages",500,mysore,"Amazing quiet place to work and espresso, worth it","amazing quiet place to work and espresso, worth it"
48,Cobalt Bakehouse,3.7,"Cafe, Bakery, Desserts",900,mysore,"Really good brownies and fresh croissants, will visit again","really good brownies and fresh croissants, will visit again"
49,Cobalt Bakehouse,3.7,"Cafe, Bakery, Desserts",900,mysore,"Average cheesecake and warm bread, a bit pricey","average cheesecake and warm bread, a bit pricey"
50,Cobalt Bakehouse,3.7,"Cafe, Bakery, Desserts",900,mysore,"Average warm bread and sweet tooth heaven, a bit pricey","average warm bread and sweet tooth heaven, a bit pricey"
51,Cobalt Bakehouse,3.7,"Cafe, Bakery, Desserts",900,mysore,"Amazing warm bread and fresh croissants, worth it","amazing warm bread and fresh croissants, worth it"
52,Cobalt Bakehouse,3.7,"Cafe, Bakery, Desserts",900,mysore,"Really good chocolate cake and brownies, service was slow","really good chocolate cake and brownies, service was slow"
53,Pebble Bakehouse,3.1,"Cafe, Bakery, Desserts",400,mysore,"Average chocolate cake and brownies, worth it","average chocolate cake and brownies, worth it"
54,Pebble Bakehouse,3.1,"Cafe, Bakery, Desserts",400,mysore,"Decent cheesecake and fresh croissants, worth it","decent cheesecake and fresh croissants, worth it"
55,Pebble Bakehouse,3.1,"Cafe, Bakery, Desserts",400,mysore,"Really good cheesecake and chocolate cake, service was slow","really good cheesecake and chocolate cake, service was slow"
56,Saffron Grill,3.6,"Cafe, Fast Food, Burger, Sandwich",300,mysore,"Decent club sandwich and quick service, staff were friendly","decent club sandwich and quick service, staff were friendly"
57,Saffron Grill,3.6,"Cafe, Fast Food, Burger, Sandwich",300,mysore,"Average juicy burger and quick service, will visit again","average juicy burger and quick service, will visit again"
58,Saffron Grill,3.6,"Cafe, Fast Food, Burger, Sandwich",300,mysore,"Average club sandwich and quick service, service was slow","average club sandwich and quick service, service was slow"
59,Saffron Grill,3.6,"Cafe, Fast Food, Burger, Sandwich",300,mysore,"Amazing good for groups and shakes, will visit again","amazing good for groups and shakes, will visit again"
60,Saffron Grill,3.6,"Cafe, Fast Food, Burger, Sandwich",300,mysore,"Average good for groups and shakes, service was slow","average good for groups and shakes, service was slow"
61,Brew Grill,3.9,"Cafe, Fast Food, Burger, Sandwich",1200,mysore,"Great loaded fries and good for groups, will visit again","great loaded fries and good for groups, will visit again"
62,Brew Grill,3.9,"Cafe, Fast Food, Burger, Sandwich",1200,mysore,"Great juicy burger and club sandwich, service was slow","great juicy burger and club sandwich, service was slow"
63,Brew Grill,3.9,"Cafe, Fast Food, Burger, Sandwich",1200,mysore,"Amazing shakes and loaded fries, staff were friendly","amazing shakes and loaded fries, staff were friendly"
64,Brew Grill,3.9,"Cafe, Fast Food, Burger, Sandwich",1200,mysore,"Decent juicy burger and loaded fries, will visit again","decent juicy burger and loaded fries, will visit again"
65,Brew Grill,3.9,"Cafe, Fast Food, Burger, Sandwich",1200,mysore,"Loved the juicy burger and shakes, will visit again","loved the juicy burger and shakes, will visit again"
66,Willow Trattoria,3.6,"Cafe, Italian, Pizza, Pasta",700,mysore,"Average cozy lighting and date night, staff were friendly","average cozy lighting and date night, staff were friendly"
67,Willow Trattoria,3.6,"Cafe, Italian, Pizza, Pasta",700,mysore,"Great date night and creamy pasta, will visit again","great date night and creamy pasta, will visit again"
68,Willow Trattoria,3.6,"Cafe, Italian, Pizza, Pasta",700,mysore,"Loved the tiramisu and date night, a bit pricey","loved the tiramisu and date night, a bit pricey"
69,Willow Trattoria,3.6,"Cafe, Italian, Pizza, Pasta",700,mysore,"Amazing cozy lighting and garlic bread, worth it","amazing cozy lighting and garlic bread, worth it"
70,Willow Trattoria,3.6,"Cafe, Italian, Pizza, Pasta",700,mysore,"Really good wood fired pizza and tiramisu, worth it","really good wood fired pizza and tiramisu, worth it"
71,Bean Trattoria,3.2,"Cafe, Italian, Pizza, Pasta",400,mysore,"Great date night and wood fired pizza, a bit pricey","great date night and wood fired pizza, a bit pricey"
72,Bean Trattoria,3.2,"Cafe, Italian, Pizza, Pasta",400,mysore,"Average tiramisu and date night, a bit pricey","average tiramisu and date night, a bit pricey"
73,Bean Trattoria,3.2,"Cafe, Italian, Pizza, Pasta",400,mysore,"Average wood fired pizza and cozy lighting, worth it","average wood fired pizza and cozy lighting, worth it"
74,Pebble Greens,3.4,"Cafe, Healthy Food, Salad",700,mysore,"Decent low oil food and smoothie bowls, service was slow","decent low oil food and smoothie bowls, service was slow"
75,Pebble Greens,3.4,"Cafe, Healthy Food, Salad",700,mysore,"Loved the fresh salads and vegan options, service was slow","loved the fresh salads and vegan options, service was slow"
76,Pebble Greens,3.4,"Cafe, Healthy Food, Salad",700,mysore,"Average protein bowls and green juice, a bit pricey","average protein bowls and green juice, a bit pricey"
77,Pebble Greens,3.4,"Cafe, Healthy Food, Salad",700,mysore,"Great smoothie bowls and fresh salads, worth it","great smoothie bowls and fresh salads, worth it"
78,Crumb Greens,4.6,"Cafe, Healthy Food, Salad",300,mysore,"Decent fresh salads and smoothie bowls, service was slow","decent fresh salads and smoothie bowls, service was slow"
79,Crumb Greens,4.6,"Cafe, Healthy Food, Salad",300,mysore,"Decent smoothie bowls and fresh salads, worth it","decent smoothie bowls and fresh salads, worth it"
80,Brew Roasters,3.7,"Cafe, Coffee, Beverages",300,pune,"Decent quiet place to work and espresso, staff were friendly","decent quiet place to work and espresso, staff were friendly"
81,Brew Roasters,3.7,"Cafe, Coffee, Beverages",300,pune,"Amazing latte art and strong filter coffee, will visit again","amazing latte art and strong filter coffee, will visit again"
82,Brew Roasters,3.7,"Cafe, Coffee, Beverages",300,pune,"Average strong filter coffee and latte art, staff were friendly","average strong filter coffee and latte art, staff were friendly"
83,Ember Roasters,3.7,"Cafe, Coffee, Beverages",500,pune,"Average cold brew and espresso, a bit pricey","average cold brew and espresso, a bit pricey"
84,Ember Roasters,3.7,"Cafe, Coffee, Beverages",500,pune,"Really good cold brew and fast wifi, staff were friendly","really good cold brew and fast wifi, staff were friendly"
85,Ember Roasters,3.7,"Cafe, Coffee, Beverages",500,pune,"Average strong filter coffee and espresso, staff were friendly","average strong filter coffee and espresso, staff were friendly"
86,Ember Roasters,3.7,"Cafe, Coffee, Beverages",500,pune,"Loved the cold brew and quiet place to work, will visit again","loved the cold brew and quiet place to work, will visit again"
87,Bean Bakehouse,3.2,"Cafe, Bakery, Desserts",900,pune,"Decent brownies and fresh croissants, will visit again","decent brownies and fresh croissants, will visit again"
88,Bean Bakehouse,3.2,"Cafe, Bakery, Desserts",900,pune,"Great warm bread and brownies, worth it","great warm bread and brownies, worth it"
89,Bean Bakehouse,3.2,"Cafe, Bakery, Desserts",900,pune,"Really good chocolate cake and sweet tooth heaven, service was slow","really good chocolate cake and sweet tooth heaven, service was slow"
90,Bean Bakehouse,3.2,"Cafe, Bakery, Desserts",900,pune,"Really good chocolate cake and sweet tooth heaven, will visit again","really good chocolate cake and sweet tooth heaven, will visit again"
91,Maple Bakehouse,3.7,"Cafe, Bakery, Desserts",1200,pune,"Decent cheesecake and warm bread, service was slow","decent cheesecake and warm bread, service was slow"
92,Maple Bakehouse,3.7,"Cafe, Bakery, Desserts",1200,pune,"Average fresh croissants and sweet tooth heaven, worth it","average fresh croissants and sweet tooth heaven, worth it"
93,Maple Bakehouse,3.7,"Cafe, Bakery, Desserts",1200,pune,"Average cheesecake and warm bread, will visit again","average cheesecake and warm bread, will visit again"
94,Crumb Grill,3.9,"Cafe, Fast Food, Burger, Sandwich",1200,pune,"Great loaded fries and good for groups, service was slow","great loaded fries and good for groups, service was slow"
95,Crumb Grill,3.9,"Cafe, Fast Food, Burger, Sandwich",1200,pune,"Decent club sandwich and loaded fries, worth it","decent club sandwich and loaded fries, worth it"
96,Crumb Grill,3.9,"Cafe, Fast Food, Burger, Sandwich",1200,pune,"Great club sandwich and juicy burger, will visit again","great club sandwich and juicy burger, will visit again"
97,Crumb Grill,3.9,"Cafe, Fast Food, Burger, Sandwich",1200,pune,"Loved the quick service and club sandwich, service was slow","loved the quick service and club sandwich, service was slow"
98,Crumb Grill,3.9,"Cafe, Fast Food, Burger, Sandwich",1200,pune,"Amazing club sandwich and shakes, service was slow","amazing club sandwich and shakes, service was slow"
99,Juniper Grill,4.4,"Cafe, Fast Food, Burger, Sandwich",1200,pune,"Great loaded fries and shakes, will visit again","great loaded fries and shakes, will visit again"
100,Juniper Grill,4.4,"Cafe, Fast Food, Burger, Sandwich",1200,pune,"Average good for groups and shakes, a bit pricey","average good for groups and shakes, a bit pricey"
101,Juniper Grill,4.4,"Cafe, Fast Food, Burger, Sandwich",1200,pune,"Loved the loaded fries and quick service, a bit pricey","loved the loaded fries and quick service, a bit pricey"
102,Juniper Grill,4.4,"Cafe, Fast Food, Burger, Sandwich",1200,pune,"Loved the club sandwich and loaded fries, a bit pricey","loved the club sandwich and loaded fries, a bit pricey"
103,Ember Trattoria,4.0,"Cafe, Italian, Pizza, Pasta",1200,pune,"Loved the creamy pasta and tiramisu, service was slow","loved the creamy pasta and tiramisu, service was slow"
104,Ember Trattoria,4.0,"Cafe, Italian, Pizza, Pasta",1200,pune,"Average garlic bread and date night, a bit pricey","average garlic bread and date night, a bit pricey"
105,Cobalt Trattoria,3.7,"Cafe, Italian, Pizza, Pasta",1200,pune,"Amazing wood fired pizza and tiramisu, worth it","amazing wood fired pizza and tiramisu, worth it"
106,Cobalt Trattoria,3.7,"Cafe, Italian, Pizza, Pasta",1200,pune,"Average tiramisu and wood fired pizza, worth it","average tiramisu and wood fired pizza, worth it"
107,Cobalt Trattoria,3.7,"Cafe, Italian, Pizza, Pasta",1200,pune,"Great cozy lighting and garlic bread, will visit again","great cozy lighting and garlic bread, will visit again"
108,Cobalt Trattoria,3.7,"Cafe, Italian, Pizza, Pasta",1200,pune,"Amazing garlic bread and wood fired pizza, will visit again","amazing garlic bread and wood fired pizza, will visit again"
109,Cobalt Trattoria,3.7,"Cafe, Italian, Pizza, Pasta",1200,pune,"Decent creamy pasta and wood fired pizza, staff were friendly","decent creamy pasta and wood fired pizza, staff were friendly"
110,Maple Greens,3.8,"Cafe, Healthy Food, Salad",1200,pune,"Amazing smoothie bowls and protein bowls, service was slow","amazing smoothie bowls and protein bowls, service was slow"
111,Maple Greens,3.8,"Cafe, Healthy Food, Salad",1200,pune,"Loved the smoothie bowls and green juice, will visit again","loved the smoothie bowls and green juice, will visit again"
112,Maple Greens,3.8,"Cafe, Healthy Food, Salad",1200,pune,"Loved the vegan options and smoothie bowls, will visit again","loved the vegan options and smoothie bowls, will visit again"
113,Maple Greens,3.8,"Cafe, Healthy Food, Salad",1200,pune,"Really good vegan options and smoothie bowls, service was slow","really good vegan options and smoothie bowls, service was slow"
114,Maple Greens,3.8,"Cafe, Healthy Food, Salad",1200,pune,"Loved the smoothie bowls and vegan options, worth it","loved the smoothie bowls and vegan options, worth it"
115,Saffron Greens,4.6,"Cafe, Healthy Food, Salad",1200,pune,"Loved the low oil food and protein bowls, a bit pricey","loved the low oil food and protein bowls, a bit pricey"
116,Saffron Greens,4.6,"Cafe, Healthy Food, Salad",1200,pune,"Loved the low oil food and smoothie bowls, staff were friendly","loved the low oil food and smoothie bowls, staff were friendly"
117,Saffron Greens,4.6,"Cafe, Healthy Food, Salad",1200,pune,"Amazing fresh salads and green juice, will visit again","amazing fresh salads and green juice, will visit again"
118,Juniper Roasters,3.3,"Cafe, Coffee, Beverages",700,chennai,"Great latte art and espresso, will visit again","great latte art and espresso, will visit again"
119,Juniper Roasters,3.3,"Cafe, Coffee, Beverages",700,chennai,"Great fast wifi and latte art, staff were friendly","great fast wifi and latte art, staff were friendly"
120,Juniper Roasters,3.3,"Cafe, Coffee, Beverages",700,chennai,"Decent latte art and cold brew, service was slow","decent latte art and cold brew, service was slow"
121,Juniper Roasters,3.3,"Cafe, Coffee, Beverages",700,chennai,"Amazing latte art and espresso, a bit pricey","amazing latte art and espresso, a bit pricey"
122,Juniper Roasters,3.3,"Cafe, Coffee, Beverages",700,chennai,"Amazing fast wifi and quiet place to work, a bit pricey","amazing fast wifi and quiet place to work, a bit pricey"
123,Willow Roasters,3.2,"Cafe, Coffee, Beverages",400,chennai,"Amazing strong filter coffee and latte art, worth it","amazing strong filter coffee and latte art, worth it"
124,Willow Roasters,3.2,"Cafe, Coffee, Beverages",400,chennai,"Amazing cold brew and fast wifi, worth it","amazing cold brew and fast wifi, worth it"
125,Willow Roasters,3.2,"Cafe, Coffee, Beverages",400,chennai,"Really good cold brew and quiet place to work, staff were friendly","really good cold brew and quiet place to work, staff were friendly"
126,Cobalt Bakehouse,4.6,"Cafe, Bakery, Desserts",900,chennai,"Decent chocolate cake and warm bread, worth it","decent chocolate cake and warm bread, worth it"
127,Cobalt Bakehouse,4.6,"Cafe, Bakery, Desserts",900,chennai,"Amazing warm bread and fresh croissants, staff were friendly","amazing warm bread and fresh croissants, staff were friendly"
128,Pebble Bakehouse,4.6,"Cafe, Bakery, Desserts",300,chennai,"Average warm bread and sweet tooth heaven, worth it","average warm bread and sweet tooth heaven, worth it"
129,Pebble Bakehouse,4.6,"Cafe, Bakery, Desserts",300,chennai,"Average warm bread and chocolate cake, service was slow","average warm bread and chocolate cake, service was slow"
130,Pebble Bakehouse,4.6,"Cafe, Bakery, Desserts",300,chennai,"Great brownies and sweet tooth heaven, a bit pricey","great brownies and sweet tooth heaven, a bit pricey"
131,Pebble Bakehouse,4.6,"Cafe, Bakery, Desserts",300,chennai,"Average fresh croissants and brownies, will visit again","average fresh croissants and brownies, will visit again"
132,Pebble Bakehouse,4.6,"Cafe, Bakery, Desserts",300,chennai,"Decent chocolate cake and brownies, worth it","decent chocolate cake and brownies, worth it"
133,Saffron Grill,4.7,"Cafe, Fast Food, Burger, Sandwich",400,chennai,"Great juicy burger and loaded fries, will visit again","great juicy burger and loaded fries, will visit again"
134,Saffron Grill,4.7,"Cafe, Fast Food, Burger, Sandwich",400,chennai,"Decent shakes and juicy burger, staff were friendly","decent shakes and juicy burger, staff were friendly"
135,Saffron Grill,4.7,"Cafe, Fast Food, Burger, Sandwich",400,chennai,"Decent juicy burger and good for groups, worth it","decent juicy burger and good for groups, worth it"
136,Saffron Grill,4.7,"Cafe, Fast Food, Burger, Sandwich",400,chennai,"Decent club sandwich and good for groups, worth it","decent club sandwich and good for groups, worth it"
137,Brew Grill,3.8,"Cafe, Fast Food, Burger, Sandwich",1200,chennai,"Great club sandwich and juicy burger, worth it","great club sandwich and juicy burger, worth it"
138,Brew Grill,3.8,"Cafe, Fast Food, Burger, Sandwich",1200,chennai,"Average club sandwich and quick service, staff were friendly","average club sandwich and quick service, staff were friendly"
139,Willow Trattoria,4.0,"Cafe, Italian, Pizza, Pasta",400,chennai,"Average wood fired pizza and date night, service was slow","average wood fired pizza and date night, service was slow"
140,Willow Trattoria,4.0,"Cafe, Italian, Pizza, Pasta",400,chennai,"Amazing date night and wood fired pizza, service was slow","amazing date night and wood fired pizza, service was slow"
141,Willow Trattoria,4.0,"Cafe, Italian, Pizza, Pasta",400,chennai,"Loved the tiramisu and garlic bread, service was slow","loved the tiramisu and garlic bread, service was slow"
142,Willow Trattoria,4.0,"Cafe, Italian, Pizza, Pasta",400,chennai,"Average garlic bread and date night, worth it","average garlic bread and date night, worth it"
143,Bean Trattoria,4.0,"Cafe, Italian, Pizza, Pasta",300,chennai,"Decent garlic bread and wood fired pizza, will visit again","decent garlic bread and wood fired pizza, will visit again"
144,Bean Trattoria,4.0,"Cafe, Italian, Pizza, Pasta",300,chennai,"Decent garlic bread and cozy lighting, will visit again","decent garlic bread and cozy lighting, will visit again"
145,Bean Trattoria,4.0,"Cafe, Italian, Pizza, Pasta",300,chennai,"Average cozy lighting and garlic bread, staff were friendly","average cozy lighting and garlic bread, staff were friendly"
146,Pebble Greens,3.4,"Cafe, Healthy Food, Salad",300,chennai,"Great smoothie bowls and green juice, service was slow","great smoothie bowls and green juice, service was slow"
147,Pebble Greens,3.4,"Cafe, Healthy Food, Salad",300,chennai,"Amazing vegan options and green juice, service was slow","amazing vegan options and green juice, service was slow"
148,Crumb Greens,4.0,"Cafe, Healthy Food, Salad",500,chennai,"Decent fresh salads and vegan options, will visit again","decent fresh salads and vegan options, will visit again"
149,Crumb Greens,4.0,"Cafe, Healthy Food, Salad",500,chennai,"Decent protein bowls and vegan options, service was slow","decent protein bowls and vegan options, service was slow"
150,Crumb Greens,4.0,"Cafe, Healthy Food, Salad",500,chennai,"Decent green juice and vegan options, a bit pricey","decent green juice and vegan options, a bit pricey"
151,Crumb Greens,4.0,"Cafe, Healthy Food, Salad",500,chennai,"Amazing smoothie bowls and green juice, a bit pricey","amazing smoothie bowls and green juice, a bit pricey"
152,Crumb Greens,4.0,"Cafe, Healthy Food, Salad",500,chennai,"Average green juice and vegan options, worth it","average green juice and vegan options, worth it"
